{
  "project_info": {
    "project_number": "561020476371",
    "project_id": "talktoc-5ebf4",
    "storage_bucket": "talktoc-5ebf4.appspot.com"
  },
  "client": [
    {
      "client_info": {
        "mobilesdk_app_id": "1:561020476371:android:441ae44b1a48423a1fed26",
        "android_client_info": {
          "package_name": "com.example.talktoc"
        }
      },
      "oauth_client": [],
      "api_key": [
        {
          "current_key": "AIzaSyCSwVrx9M_5QtiXd-uH-AyhQC-z6Az--HU"
        }
      ],
      "services": {
        "appinvite_service": {
          "other_platform_oauth_client": []
        }
      }
    }
  ],
  "configuration_version": "1"
}